{"target":[{"location":[[[[0.0,0.0,-0.016666666666666666,0.0,0.016666666666666666,0.0,2]],0],[[[0.0,0.0,-0.016666666666666666,0.0,0.016666666666666666,0.0,2]],0],[[[0.0,0.0,-0.016666666666666666,0.0,0.016666666666666666,0.0,2]],0]]}],"camera":[{"location":[[[[0.0,2.278582811355591,-0.016666666666666666,2.278582811355591,0.016666666666666666,2.278582811355591,2]],0],[[[0.0,-1.8260838985443115,-0.016666666666666666,-1.8260838985443115,0.016666666666666666,-1.8260838985443115,2]],0],[[[0.0,1.0440658330917358,-0.016666666666666666,1.0440658330917358,0.016666666666666666,1.0440658330917358,2]],0]]}]}