{"sun":[{"location":[[[[0.0,-78.2471923828125,-6.981858825683593,-78.2471923828125,6.981858825683593,-78.2471923828125,2],[17.883333333333333,-166.57777404785156,10.901475016276041,-166.57777404785156,24.865191650390624,-166.57777404785156,2]],0],[[[0.0,547.1903686523438,-6.981858825683593,547.1903686523438,6.981858825683593,547.1903686523438,2],[17.883333333333333,-35.80833053588867,10.901475016276041,-35.80833053588867,24.865191650390624,-35.80833053588867,2]],0],[[[0.0,-31.614898681640625,-6.981858825683593,-31.614898681640625,6.981858825683593,-31.614898681640625,2],[17.883333333333333,190.80450439453125,10.901475016276041,190.80450439453125,24.865191650390624,190.80450439453125,2]],0]],"scale":[[[[0.0,1.0,-6.981858825683593,1.0,6.981858825683593,1.0,2],[17.883333333333333,1.0,10.901475016276041,1.0,24.865191650390624,1.0,2]],0],[[[0.0,1.0,-6.981858825683593,1.0,6.981858825683593,1.0,2],[17.883333333333333,1.0,10.901475016276041,1.0,24.865191650390624,1.0,2]],0],[[[0.0,1.0,-6.981858825683593,1.0,6.981858825683593,1.0,2],[17.883333333333333,1.0,10.901475016276041,1.0,24.865191650390624,1.0,2]],0]],"rotation_euler":[[[[0.0,0.0,-6.981858825683593,0.0,6.981858825683593,0.0,2],[17.883333333333333,0.0,10.901475016276041,0.0,24.865191650390624,0.0,2]],0],[[[0.0,0.0,-6.981858825683593,0.0,6.981858825683593,0.0,2],[17.883333333333333,0.0,10.901475016276041,0.0,24.865191650390624,0.0,2]],0],[[[0.0,0.0,-6.981858825683593,0.0,6.981858825683593,0.0,2],[17.883333333333333,0.0,10.901475016276041,0.0,24.865191650390624,0.0,2]],0]]}],"satelitte":[{"location":[[[[16.166666666666668,0.0,16.15,0.0,16.183333333333334,0.0,2]],0],[[[16.166666666666668,0.0,16.15,0.0,16.183333333333334,0.0,2]],0],[[[16.166666666666668,0.0,16.15,0.0,16.183333333333334,0.0,2]],0]],"scale":[[[[16.166666666666668,1.0,16.15,1.0,16.183333333333334,1.0,2]],0],[[[16.166666666666668,1.0,16.15,1.0,16.183333333333334,1.0,2]],0],[[[16.166666666666668,1.0,16.15,1.0,16.183333333333334,1.0,2]],0]],"rotation_euler":[[[[16.166666666666668,1.5707964897155762,16.15,1.5707964897155762,16.183333333333334,1.5707964897155762,2]],0],[[[16.166666666666668,0.0,16.15,0.0,16.183333333333334,0.0,2]],0],[[[16.166666666666668,0.0,16.15,0.0,16.183333333333334,0.0,2]],0]]}],"camera":[{"location":[[[[7.383333333333333,21.620826721191406,4.351137288411458,21.620826721191406,10.415529378255208,21.620826721191406,2],[15.15,35.61370086669922,12.117803955078125,35.61370086669922,18.182196044921874,35.61370086669922,2]],0],[[[7.383333333333333,-7.4867377281188965,4.351137288411458,-7.4867377281188965,10.415529378255208,-7.4867377281188965,2],[15.15,-7.486737251281738,12.117803955078125,-7.486737251281738,18.182196044921874,-7.486737251281738,2]],0],[[[7.383333333333333,6.622088432312012,4.351137288411458,6.622088432312012,10.415529378255208,6.622088432312012,2],[15.15,9.870431900024414,12.117803955078125,9.870431900024414,18.182196044921874,9.870431900024414,2]],0]],"scale":[[[[7.383333333333333,1.0,4.351137288411458,1.0,10.415529378255208,1.0,2],[15.15,1.0,12.117803955078125,1.0,18.182196044921874,1.0,2]],0],[[[7.383333333333333,1.0000001192092896,4.351137288411458,1.0000001192092896,10.415529378255208,1.0000001192092896,2],[15.15,1.0000001192092896,12.117803955078125,1.0000001192092896,18.182196044921874,1.0000001192092896,2]],0],[[[7.383333333333333,1.0000001192092896,4.351137288411458,1.0000001192092896,10.415529378255208,1.0000001192092896,2],[15.15,1.0000001192092896,12.117803955078125,1.0000001192092896,18.182196044921874,1.0000001192092896,2]],0]],"rotation_euler":[[[[7.383333333333333,1.2907236814498901,4.351137288411458,1.2907236814498901,10.415529378255208,1.2907236814498901,2],[15.15,1.2907236814498901,12.117803955078125,1.2907236814498901,18.182196044921874,1.2907236814498901,2]],0],[[[7.383333333333333,0.014107974246144295,4.351137288411458,0.014107974246144295,10.415529378255208,0.014107974246144295,2],[15.15,0.014107974246144295,12.117803955078125,0.014107974246144295,18.182196044921874,0.014107974246144295,2]],0],[[[7.383333333333333,0.6744938492774963,4.351137288411458,0.6744938492774963,10.415529378255208,0.6744938492774963,2],[15.15,0.6744938492774963,12.117803955078125,0.6744938492774963,18.182196044921874,0.6744938492774963,2]],0]]}],"PlaneAction":[{"location":[[[[16.166666666666668,0.0,16.15,0.0,16.183333333333334,0.0,2]],0],[[[16.166666666666668,0.0,16.15,0.0,16.183333333333334,0.0,2]],0],[[[16.166666666666668,0.0,16.15,0.0,16.183333333333334,0.0,2]],0]]}],"fade":[{"location":[[[[-0.016666666666666666,0.0,-0.41358502705891925,0.0,0.3802516937255859,0.0,2],[1.0,0.0,0.6030816396077474,0.0,1.3969183603922526,0.0,2]],0],[[[-0.016666666666666666,0.0,-0.41358502705891925,0.0,0.3802516937255859,0.0,2],[1.0,0.0,0.6030816396077474,0.0,1.3969183603922526,0.0,2]],0],[[[-0.016666666666666666,0.0,-0.41358502705891925,0.0,0.3802516937255859,0.0,2],[1.0,1.0,0.6030816396077474,1.0,1.3969183603922526,1.0,2]],0]],"scale":[[[[1.0,1.0,0.9833333333333333,1.0,1.0166666666666666,1.0,2]],0],[[[1.0,1.0,0.9833333333333333,1.0,1.0166666666666666,1.0,2]],0],[[[1.0,1.0,0.9833333333333333,1.0,1.0166666666666666,1.0,2]],0]],"rotation_euler":[[[[1.0,0.0,0.9833333333333333,0.0,1.0166666666666666,0.0,2]],0],[[[1.0,0.0,0.9833333333333333,0.0,1.0166666666666666,0.0,2]],0],[[[1.0,0.0,0.9833333333333333,0.0,1.0166666666666666,0.0,2]],0]]}],"target":[{"location":[[[[0.0,-5.966916084289551,-3.9041150410970054,-5.966916084289551,3.9041150410970054,-5.966916084289551,2],[10.0,-9.822335243225098,6.095885213216146,-9.822335243225098,13.904114786783854,-9.822335243225098,2]],0],[[[0.0,6.998859405517578,-3.9041150410970054,6.998859405517578,3.9041150410970054,6.998859405517578,2],[10.0,8.359817504882812,6.095885213216146,8.359817504882812,13.904114786783854,8.359817504882812,2]],0],[[[0.0,22.330554962158203,-3.9041150410970054,22.330554962158203,3.9041150410970054,22.330554962158203,2],[10.0,11.459718704223633,6.095885213216146,11.459718704223633,13.904114786783854,11.459718704223633,2]],0]],"scale":[[[[0.0,1.0,-3.9041150410970054,1.0,3.9041150410970054,1.0,2],[10.0,1.0,6.095885213216146,1.0,13.904114786783854,1.0,2]],0],[[[0.0,1.0,-3.9041150410970054,1.0,3.9041150410970054,1.0,2],[10.0,1.0,6.095885213216146,1.0,13.904114786783854,1.0,2]],0],[[[0.0,1.0,-3.9041150410970054,1.0,3.9041150410970054,1.0,2],[10.0,1.0,6.095885213216146,1.0,13.904114786783854,1.0,2]],0]],"rotation_euler":[[[[0.0,0.0,-3.9041150410970054,0.0,3.9041150410970054,0.0,2],[10.0,0.0,6.095885213216146,0.0,13.904114786783854,0.0,2]],0],[[[0.0,0.0,-3.9041150410970054,0.0,3.9041150410970054,0.0,2],[10.0,0.0,6.095885213216146,0.0,13.904114786783854,0.0,2]],0],[[[0.0,0.0,-3.9041150410970054,0.0,3.9041150410970054,0.0,2],[10.0,0.0,6.095885213216146,0.0,13.904114786783854,0.0,2]],0]]}]}