{"PlaneAction":[{"location":[[[[16.166666666666668,0.0,16.15,0.0,16.183333333333334,0.0,2]],0],[[[16.166666666666668,0.0,16.15,0.0,16.183333333333334,0.0,2]],0],[[[16.166666666666668,0.0,16.15,0.0,16.183333333333334,0.0,2]],0]]}],"sun":[{"location":[[[[0.0,-60.83763885498047,-11.647276814778646,-60.83763885498047,11.647276814778646,-60.83763885498047,2],[29.833333333333332,-166.57777404785156,18.186055501302082,-166.57777404785156,41.142252604166664,-166.57777404785156,2],[58.8,25.00335693359375,47.49108072916667,25.00335693359375,70.10891927083333,25.00335693359375,2]],0],[[[0.0,533.8270263671875,-11.647276814778646,533.8270263671875,11.647276814778646,533.8270263671875,2],[29.833333333333332,-35.80833053588867,18.186055501302082,76.94204711914062,41.142252604166664,-145.28326416015625,2],[58.8,-145.28326416015625,47.49108072916667,-145.28326416015625,70.10891927083333,-145.28326416015625,2]],0],[[[0.0,-52.947227478027344,-11.647276814778646,-52.947227478027344,11.647276814778646,-52.947227478027344,2],[29.833333333333332,190.80450439453125,18.186055501302082,190.80450439453125,41.142252604166664,190.80450439453125,2],[58.8,190.80450439453125,47.49108072916667,190.80450439453125,70.10891927083333,190.80450439453125,2]],0]],"rotation_euler":[[[[0.0,0.0,-11.647276814778646,0.0,11.647276814778646,0.0,2],[29.833333333333332,0.0,18.186055501302082,0.0,41.142252604166664,0.0,2],[58.8,0.0,47.49108072916667,0.0,70.10891927083333,0.0,2]],0],[[[0.0,0.0,-11.647276814778646,0.0,11.647276814778646,0.0,2],[29.833333333333332,0.0,18.186055501302082,0.0,41.142252604166664,0.0,2],[58.8,0.0,47.49108072916667,0.0,70.10891927083333,0.0,2]],0],[[[0.0,0.0,-11.647276814778646,0.0,11.647276814778646,0.0,2],[29.833333333333332,0.0,18.186055501302082,0.0,41.142252604166664,0.0,2],[58.8,0.0,47.49108072916667,0.0,70.10891927083333,0.0,2]],0]],"scale":[[[[0.0,1.0,-11.647276814778646,1.0,11.647276814778646,1.0,2],[29.833333333333332,1.0,18.186055501302082,1.0,41.142252604166664,1.0,2],[58.8,1.0,47.49108072916667,1.0,70.10891927083333,1.0,2]],0],[[[0.0,1.0,-11.647276814778646,1.0,11.647276814778646,1.0,2],[29.833333333333332,1.0,18.186055501302082,1.0,41.142252604166664,1.0,2],[58.8,1.0,47.49108072916667,1.0,70.10891927083333,1.0,2]],0],[[[0.0,1.0,-11.647276814778646,1.0,11.647276814778646,1.0,2],[29.833333333333332,1.0,18.186055501302082,1.0,41.142252604166664,1.0,2],[58.8,1.0,47.49108072916667,1.0,70.10891927083333,1.0,2]],0]]}],"fade":[{"location":[[[[-0.016666666666666666,0.0,-0.41358502705891925,0.0,0.3802516937255859,0.0,2],[1.0,0.0,0.6030816396077474,0.0,1.3969183603922526,0.0,2]],0],[[[-0.016666666666666666,0.0,-0.41358502705891925,0.0,0.3802516937255859,0.0,2],[1.0,0.0,0.6030816396077474,0.0,1.3969183603922526,0.0,2]],0],[[[-0.016666666666666666,0.0,-0.41358502705891925,0.0,0.3802516937255859,0.0,2],[1.0,1.0,0.6030816396077474,1.0,1.3969183603922526,1.0,2]],0]],"rotation_euler":[[[[1.0,0.0,0.9833333333333333,0.0,1.0166666666666666,0.0,2]],0],[[[1.0,0.0,0.9833333333333333,0.0,1.0166666666666666,0.0,2]],0],[[[1.0,0.0,0.9833333333333333,0.0,1.0166666666666666,0.0,2]],0]],"scale":[[[[1.0,1.0,0.9833333333333333,1.0,1.0166666666666666,1.0,2]],0],[[[1.0,1.0,0.9833333333333333,1.0,1.0166666666666666,1.0,2]],0],[[[1.0,1.0,0.9833333333333333,1.0,1.0166666666666666,1.0,2]],0]]}],"camera":[{"location":[[[[0.0,80.98514556884766,-22.585304768880206,80.98514556884766,22.585304768880206,80.98514556884766,2],[57.85,2.23891544342041,35.264697265625,2.23891544342041,80.435302734375,2.23891544342041,2]],0],[[[0.0,-82.24285888671875,-22.585304768880206,-82.24285888671875,22.585304768880206,-82.24285888671875,2],[57.85,-2.638902187347412,35.264697265625,-2.638902187347412,80.435302734375,-2.638902187347412,2]],0],[[[0.0,2.920090675354004,-22.585304768880206,2.920090675354004,22.585304768880206,2.920090675354004,2],[57.85,1.640141248703003,35.264697265625,1.640141248703003,80.435302734375,1.640141248703003,2]],0]],"rotation_euler":[[[[0.0,1.2907236814498901,-22.585304768880206,1.2907236814498901,22.585304768880206,1.2907236814498901,2],[57.85,1.2907236814498901,35.264697265625,1.2907236814498901,80.435302734375,1.2907236814498901,2]],0],[[[0.0,0.014107974246144295,-22.585304768880206,0.014107974246144295,22.585304768880206,0.014107974246144295,2],[57.85,0.014107974246144295,35.264697265625,0.014107974246144295,80.435302734375,0.014107974246144295,2]],0],[[[0.0,0.6744938492774963,-22.585304768880206,0.6744938492774963,22.585304768880206,0.6744938492774963,2],[57.85,0.6744938492774963,35.264697265625,0.6744938492774963,80.435302734375,0.6744938492774963,2]],0]],"scale":[[[[0.0,1.0,-22.585304768880206,1.0,22.585304768880206,1.0,2],[57.85,1.0,35.264697265625,1.0,80.435302734375,1.0,2]],0],[[[0.0,1.0000001192092896,-22.585304768880206,1.0000001192092896,22.585304768880206,1.0000001192092896,2],[57.85,1.0000001192092896,35.264697265625,1.0000001192092896,80.435302734375,1.0000001192092896,2]],0],[[[0.0,1.0000001192092896,-22.585304768880206,1.0000001192092896,22.585304768880206,1.0000001192092896,2],[57.85,1.0000001192092896,35.264697265625,1.0000001192092896,80.435302734375,1.0000001192092896,2]],0]]}],"target":[{"location":[[[[0.0,-5.966916084289551,-3.9041150410970054,-5.966916084289551,3.9041150410970054,-5.966916084289551,2],[10.0,-9.822335243225098,6.095885213216146,-9.822335243225098,17.391790771484374,-9.822335243225098,2],[28.933333333333334,-9.616735458374023,21.541542561848956,-9.616735458374023,36.32512613932292,-9.616735458374023,2]],0],[[[0.0,6.998859405517578,-3.9041150410970054,6.998859405517578,3.9041150410970054,6.998859405517578,2],[10.0,8.359817504882812,6.095885213216146,8.106437683105469,17.391790771484374,8.83954906463623,2],[28.933333333333334,8.83954906463623,21.541542561848956,8.83954906463623,36.32512613932292,8.83954906463623,2]],0],[[[0.0,22.330554962158203,-3.9041150410970054,22.330554962158203,3.9041150410970054,22.330554962158203,2],[10.0,11.459718704223633,6.095885213216146,11.459718704223633,17.391790771484374,11.459718704223633,2],[28.933333333333334,11.459718704223633,21.541542561848956,11.459718704223633,36.32512613932292,11.459718704223633,2]],0]],"rotation_euler":[[[[0.0,0.0,-3.9041150410970054,0.0,3.9041150410970054,0.0,2],[10.0,0.0,6.095885213216146,0.0,17.391790771484374,0.0,2],[28.933333333333334,0.0,21.541542561848956,0.0,36.32512613932292,0.0,2]],0],[[[0.0,0.0,-3.9041150410970054,0.0,3.9041150410970054,0.0,2],[10.0,0.0,6.095885213216146,0.0,17.391790771484374,0.0,2],[28.933333333333334,0.0,21.541542561848956,0.0,36.32512613932292,0.0,2]],0],[[[0.0,0.0,-3.9041150410970054,0.0,3.9041150410970054,0.0,2],[10.0,0.0,6.095885213216146,0.0,17.391790771484374,0.0,2],[28.933333333333334,0.0,21.541542561848956,0.0,36.32512613932292,0.0,2]],0]],"scale":[[[[0.0,1.0,-3.9041150410970054,1.0,3.9041150410970054,1.0,2],[10.0,1.0,6.095885213216146,1.0,17.391790771484374,1.0,2],[28.933333333333334,1.0,21.541542561848956,1.0,36.32512613932292,1.0,2]],0],[[[0.0,1.0,-3.9041150410970054,1.0,3.9041150410970054,1.0,2],[10.0,1.0,6.095885213216146,1.0,17.391790771484374,1.0,2],[28.933333333333334,1.0,21.541542561848956,1.0,36.32512613932292,1.0,2]],0],[[[0.0,1.0,-3.9041150410970054,1.0,3.9041150410970054,1.0,2],[10.0,1.0,6.095885213216146,1.0,17.391790771484374,1.0,2],[28.933333333333334,1.0,21.541542561848956,1.0,36.32512613932292,1.0,2]],0]]}],"satelitte":[{"location":[[[[16.166666666666668,0.0,16.15,0.0,16.183333333333334,0.0,2]],0],[[[16.166666666666668,0.0,16.15,0.0,16.183333333333334,0.0,2]],0],[[[16.166666666666668,0.0,16.15,0.0,16.183333333333334,0.0,2]],0]],"rotation_euler":[[[[16.166666666666668,1.5707964897155762,16.15,1.5707964897155762,16.183333333333334,1.5707964897155762,2]],0],[[[16.166666666666668,0.0,16.15,0.0,16.183333333333334,0.0,2]],0],[[[16.166666666666668,0.0,16.15,0.0,16.183333333333334,0.0,2]],0]],